{
  "version": "4.9",
  "n_features": 67,
  "feature_names": [
    "ret1",
    "ret2",
    "ret3",
    "mom10",
    "mom20",
    "mom60",
    "mom_accel_5",
    "mom_accel_10",
    "mom_accel_20",
    "vol5",
    "vol10",
    "vol20",
    "vol60",
    "vol_ratio_5_20",
    "vol_ratio_10_60",
    "vol_pct_rank",
    "atr14_pct",
    "atr_trend",
    "daily_range_pct",
    "vol_of_vol",
    "rsi7",
    "rsi14",
    "rsi21",
    "rsi14_trend",
    "zscore10",
    "zscore20",
    "dist_52w_high",
    "dist_52w_low",
    "drawdown_from_peak",
    "sma20_dist",
    "sma50_dist",
    "sma200_dist",
    "sma20_50_cross",
    "sma50_200_cross",
    "bb_width20",
    "macd_norm",
    "macd_hist_norm",
    "macd_signal_cross",
    "vol_ratio10",
    "vol_ratio20",
    "vol_trend",
    "up_vol_ratio",
    "vp_divergence_10",
    "vp_divergence_20",
    "close_in_range",
    "gap_pct",
    "gap_fill_tendency",
    "inside_day_freq",
    "day_of_week",
    "month",
    "spy_ret1",
    "spy_ret5",
    "rel_strength_20",
    "rel_strength_60",
    "beta_20",
    "beta_60",
    "cs_rsi14_rank",
    "cs_mom20_rank",
    "cs_vol20_rank",
    "cs_dist_52w_high_rank",
    "sector_ret5",
    "stock_vs_sector_20",
    "days_to_earnings",
    "days_since_earnings",
    "earnings_in_7d",
    "earnings_in_14d",
    "log_price"
  ],
  "col_medians": [
    0.0002119092969223857,
    0.0005500484257936478,
    0.000953288865275681,
    0.002335192169994116,
    0.0022048286627978086,
    0.007112627848982811,
    -0.0006097560981288552,
    -0.0009572537965141237,
    -0.0022302193101495504,
    0.019045118242502213,
    0.020701870322227478,
    0.021867290139198303,
    0.02318730019032955,
    0.9035038352012634,
    0.9023221135139465,
    0.511904776096344,
    0.03204454109072685,
    0.0031104551162570715,
    0.028004571795463562,
    0.22414767742156982,
    0.5055218935012817,
    0.5027174949645996,
    0.5020822286605835,
    0.001815643161535263,
    0.06624779850244522,
    0.05141430348157883,
    -0.18216794729232788,
    0.2820455729961395,
    -0.09081314504146576,
    0.0013804738409817219,
    0.0021978956647217274,
    0.004355133511126041,
    0.001550719840452075,
    0.0043158940970897675,
    0.14295265078544617,
    0.0005120172863826156,
    0.00025419186567887664,
    0.0006062870961613953,
    0.9199100136756897,
    0.8988045454025269,
    0.0015264588873833418,
    1.0066643953323364,
    -0.0015429541235789657,
    -0.001517546596005559,
    0.5056818127632141,
    0.0004063629312440753,
    0.041692107915878296,
    0.10000000149011612,
    0.5,
    0.4545454680919647,
    0.0006927679060027003,
    0.00421027559787035,
    -0.007848717272281647,
    -0.02032211236655712,
    1.0338761806488037,
    1.0431787967681885,
    0.5003899931907654,
    0.5003902912139893,
    0.5003902912139893,
    0.5003902912139893,
    0.0029830127023160458,
    -0.004400981590151787,
    90.0,
    -1.0,
    0.0,
    0.0,
    3.85439395904541
  ],
  "col_stds": [
    0.03454107418656349,
    0.04926152527332306,
    0.06083575636148453,
    0.11350005865097046,
    0.16159112751483917,
    0.28319060802459717,
    0.11650940775871277,
    0.16703906655311584,
    0.229582279920578,
    0.02493915520608425,
    0.02504546567797661,
    0.0266420878469944,
    0.025570018216967583,
    0.3798976540565491,
    0.3526758849620819,
    0.30596789717674255,
    0.20802615582942963,
    0.31949707865715027,
    0.028673194348812103,
    0.1413138061761856,
    0.1710994839668274,
    0.12267549335956573,
    0.10054602473974228,
    0.09798978269100189,
    1.1991292238235474,
    1.3073596954345703,
    0.19585251808166504,
    1.0517982244491577,
    0.12478909641504288,
    0.08216593414545059,
    0.1302317976951599,
    0.2479950189590454,
    0.07899792492389679,
    0.18060941994190216,
    3.0192034244537354,
    3.1748666763305664,
    1.2436165809631348,
    482.1910095214844,
    0.476980060338974,
    0.5876771807670593,
    0.0850631520152092,
    0.9573149681091309,
    0.08492042124271393,
    0.037219833582639694,
    0.3025182783603668,
    0.022735299542546272,
    13.37797737121582,
    0.09572605043649673,
    0.34971049427986145,
    0.3084900975227356,
    0.011478586122393608,
    0.0240041334182024,
    0.1536349356174469,
    0.2730129361152649,
    1.385934829711914,
    1.0787333250045776,
    0.2886751890182495,
    0.2886751890182495,
    0.2886751890182495,
    0.2886373698711395,
    0.030229782685637474,
    0.15116460621356964,
    32.77357864379883,
    19.394105911254883,
    0.09839733690023422,
    0.13753825426101685,
    1.170419692993164
  ],
  "horizons": [
    1,
    3,
    7
  ],
  "min_confidence": 45,
  "trained_at": "2026-06-28T23:04:12.537523+00:00",
  "regime_thresholds": {
    "bull": 55,
    "chop": 65,
    "bear": 100,
    "high_vol": 70
  },
  "regime_size_mult": {
    "bull": 1.0,
    "chop": 0.7,
    "bear": 0.0,
    "high_vol": 0.5
  }
}