{
  "version": "4.4",
  "n_features": 77,
  "feature_names": [
    "ret1",
    "ret2",
    "ret3",
    "mom5",
    "mom10",
    "mom20",
    "mom60",
    "mom_accel_5",
    "mom_accel_10",
    "mom_accel_20",
    "vol5",
    "vol10",
    "vol20",
    "vol60",
    "vol_ratio_5_20",
    "vol_ratio_10_60",
    "vol_pct_rank",
    "atr14_pct",
    "atr_trend",
    "daily_range_pct",
    "vol_of_vol",
    "rsi7",
    "rsi14",
    "rsi21",
    "rsi14_trend",
    "zscore5",
    "zscore10",
    "zscore20",
    "dist_52w_high",
    "dist_52w_low",
    "drawdown_from_peak",
    "sma20_dist",
    "sma50_dist",
    "sma200_dist",
    "sma20_50_cross",
    "sma50_200_cross",
    "bb_pos20",
    "bb_width20",
    "macd_norm",
    "macd_hist_norm",
    "macd_signal_cross",
    "vol_ratio5",
    "vol_ratio10",
    "vol_ratio20",
    "dollar_vol_ratio5",
    "vol_trend",
    "up_vol_ratio",
    "vp_divergence_10",
    "vp_divergence_20",
    "close_in_range",
    "gap_pct",
    "gap_fill_tendency",
    "inside_day_freq",
    "hl_contraction",
    "streak",
    "day_of_week",
    "month",
    "spy_ret1",
    "spy_ret5",
    "rel_strength_5",
    "rel_strength_20",
    "rel_strength_60",
    "beta_20",
    "beta_60",
    "cs_rsi14_rank",
    "cs_mom20_rank",
    "cs_vol20_rank",
    "cs_dist_52w_high_rank",
    "cs_rel_strength_20_rank",
    "sector_ret5",
    "stock_vs_sector_5",
    "stock_vs_sector_20",
    "days_to_earnings",
    "days_since_earnings",
    "earnings_in_7d",
    "earnings_in_14d",
    "log_price"
  ],
  "col_medians": [
    0.0002108814805978909,
    0.0005483057466335595,
    0.0009521391475573182,
    0.00148148147854954,
    0.0023326638620346785,
    0.0021983820479363203,
    0.007103281561285257,
    -0.000610202201642096,
    -0.0009599721524864435,
    -0.0022369027137756348,
    0.019045710563659668,
    0.02070240117609501,
    0.021867485716938972,
    0.0231875479221344,
    0.9035226106643677,
    0.9023311734199524,
    0.511904776096344,
    0.03204534947872162,
    0.00312289921566844,
    0.028004996478557587,
    0.22414907813072205,
    0.5055105686187744,
    0.5027071237564087,
    0.5020743608474731,
    0.0018137998413294554,
    0.05622260645031929,
    0.06614705175161362,
    0.05134096369147301,
    -0.1821756213903427,
    0.28202441334724426,
    -0.09081735461950302,
    0.0013780432054772973,
    0.0021945866756141186,
    0.004343864973634481,
    0.0015475935069844127,
    0.004310804419219494,
    0.5128352642059326,
    0.1429547220468521,
    0.0005104023148305714,
    0.00025404791813343763,
    0.0006180860218591988,
    0.949216365814209,
    0.9199169278144836,
    0.8988127112388611,
    0.9487965703010559,
    0.001527122687548399,
    1.0066652297973633,
    -0.0015437235124409199,
    -0.0015191462589427829,
    0.5056689381599426,
    0.000405844155466184,
    0.04167893901467323,
    0.10000000149011612,
    0.9098712205886841,
    1.0,
    0.5,
    0.4545454680919647,
    0.0006927679060027003,
    0.00421027559787035,
    -0.0019937402103096247,
    -0.007849715650081635,
    -0.020329488441348076,
    1.0338772535324097,
    1.0431885719299316,
    0.5003896951675415,
    0.5003902912139893,
    0.5003902912139893,
    0.5003902912139893,
    0.5003902912139893,
    0.0029830127023160458,
    -0.0014507640153169632,
    -0.004391568712890148,
    90.0,
    -1.0,
    0.0,
    0.0,
    3.854182004928589
  ],
  "col_stds": [
    0.034543029963970184,
    0.049264609813690186,
    0.0608394481241703,
    0.07844258844852448,
    0.11350149661302567,
    0.16159279644489288,
    0.2831929624080658,
    0.11650899052619934,
    0.16703656315803528,
    0.229582279920578,
    0.024939363822340965,
    0.0250453632324934,
    0.02664162591099739,
    0.025569764897227287,
    0.3798987865447998,
    0.35267192125320435,
    0.3059658110141754,
    0.20802052319049835,
    0.31949374079704285,
    0.02867496758699417,
    0.1413121074438095,
    0.17110221087932587,
    0.12267769128084183,
    0.10054763406515121,
    0.09798912703990936,
    1.0344104766845703,
    1.199148178100586,
    1.3073850870132446,
    0.19586314260959625,
    1.0517735481262207,
    0.1247968077659607,
    0.08216920495033264,
    0.13023494184017181,
    0.2480008751153946,
    0.07899782061576843,
    0.1806124895811081,
    0.32684627175331116,
    3.0191192626953125,
    3.1747777462005615,
    1.2435816526412964,
    482.1774597167969,
    0.3640833795070648,
    0.4769771695137024,
    0.5876764059066772,
    0.365491658449173,
    0.08506301045417786,
    0.957291841506958,
    0.08492034673690796,
    0.03721998631954193,
    0.30251652002334595,
    0.022735517472028732,
    13.377700805664062,
    0.09572498500347137,
    0.45316147804260254,
    2.3533246517181396,
    0.34971460700035095,
    0.30848339200019836,
    0.011479802429676056,
    0.024004653096199036,
    0.0739743560552597,
    0.15363340079784393,
    0.27301090955734253,
    1.3859052658081055,
    1.078717827796936,
    0.2886751890182495,
    0.2886751890182495,
    0.2886751890182495,
    0.2886373698711395,
    0.2886751890182495,
    0.030236894264817238,
    0.07242705672979355,
    0.1511635035276413,
    36.44411849975586,
    27.852581024169922,
    0.0953323245048523,
    0.1335403025150299,
    1.1704254150390625
  ],
  "horizons": [
    1,
    3,
    7
  ],
  "min_confidence": 45,
  "trained_at": "2026-06-23T17:15:35.718518+00:00",
  "regime_thresholds": {
    "bull": 55,
    "chop": 65,
    "bear": 100,
    "high_vol": 70
  },
  "regime_size_mult": {
    "bull": 1.0,
    "chop": 0.7,
    "bear": 0.0,
    "high_vol": 0.5
  }
}