{
  "version": "4.7",
  "n_features": 77,
  "feature_names": [
    "ret1",
    "ret2",
    "ret3",
    "mom5",
    "mom10",
    "mom20",
    "mom60",
    "mom_accel_5",
    "mom_accel_10",
    "mom_accel_20",
    "vol5",
    "vol10",
    "vol20",
    "vol60",
    "vol_ratio_5_20",
    "vol_ratio_10_60",
    "vol_pct_rank",
    "atr14_pct",
    "atr_trend",
    "daily_range_pct",
    "vol_of_vol",
    "rsi7",
    "rsi14",
    "rsi21",
    "rsi14_trend",
    "zscore5",
    "zscore10",
    "zscore20",
    "dist_52w_high",
    "dist_52w_low",
    "drawdown_from_peak",
    "sma20_dist",
    "sma50_dist",
    "sma200_dist",
    "sma20_50_cross",
    "sma50_200_cross",
    "bb_pos20",
    "bb_width20",
    "macd_norm",
    "macd_hist_norm",
    "macd_signal_cross",
    "vol_ratio5",
    "vol_ratio10",
    "vol_ratio20",
    "dollar_vol_ratio5",
    "vol_trend",
    "up_vol_ratio",
    "vp_divergence_10",
    "vp_divergence_20",
    "close_in_range",
    "gap_pct",
    "gap_fill_tendency",
    "inside_day_freq",
    "hl_contraction",
    "streak",
    "day_of_week",
    "month",
    "spy_ret1",
    "spy_ret5",
    "rel_strength_5",
    "rel_strength_20",
    "rel_strength_60",
    "beta_20",
    "beta_60",
    "cs_rsi14_rank",
    "cs_mom20_rank",
    "cs_vol20_rank",
    "cs_dist_52w_high_rank",
    "cs_rel_strength_20_rank",
    "sector_ret5",
    "stock_vs_sector_5",
    "stock_vs_sector_20",
    "days_to_earnings",
    "days_since_earnings",
    "earnings_in_7d",
    "earnings_in_14d",
    "log_price"
  ],
  "col_medians": [
    0.0002115282986778766,
    0.0005493342177942395,
    0.0009530833340249956,
    0.001481744460761547,
    0.0023344415239989758,
    0.0022026430815458298,
    0.007109824568033218,
    -0.0006110050017014146,
    -0.0009583008359186351,
    -0.0022302193101495504,
    0.01904495432972908,
    0.02070179581642151,
    0.02186717465519905,
    0.023187143728137016,
    0.9035059213638306,
    0.902323842048645,
    0.511904776096344,
    0.03204445540904999,
    0.003116572741419077,
    0.028004512190818787,
    0.22415032982826233,
    0.5055187940597534,
    0.5027134418487549,
    0.5020793080329895,
    0.00181412766687572,
    0.05626518279314041,
    0.06618519127368927,
    0.05138402059674263,
    -0.18216702342033386,
    0.2820295989513397,
    -0.09081389009952545,
    0.0013794441474601626,
    0.0021971240639686584,
    0.004347999580204487,
    0.0015501476591452956,
    0.004311040509492159,
    0.5128459930419922,
    0.14295321702957153,
    0.00051167793571949,
    0.0002541736466810107,
    0.0006110651884227991,
    0.9492120146751404,
    0.9199100732803345,
    0.8988091945648193,
    0.9487940073013306,
    0.0015267995186150074,
    1.006659746170044,
    -0.0015431914944201708,
    -0.001518303994089365,
    0.5056818127632141,
    0.00040615734178572893,
    0.04170742630958557,
    0.10000000149011612,
    0.9098665714263916,
    1.0,
    0.5,
    0.4545454680919647,
    0.0006927679060027003,
    0.00421027559787035,
    -0.001993544865399599,
    -0.007848566398024559,
    -0.020323017612099648,
    1.033860683441162,
    1.04317307472229,
    0.5003896951675415,
    0.5003899931907654,
    0.5003902912139893,
    0.5003902912139893,
    0.5003899931907654,
    0.0029830127023160458,
    -0.0014507563319057226,
    -0.004392441362142563,
    90.0,
    -1.0,
    0.0,
    0.0,
    3.85439395904541
  ],
  "col_stds": [
    0.03454172983765602,
    0.04926285520195961,
    0.06083844229578972,
    0.07844261080026627,
    0.1135018914937973,
    0.1615927666425705,
    0.28319215774536133,
    0.1165100485086441,
    0.1670398861169815,
    0.22958452999591827,
    0.02493944577872753,
    0.02504578046500683,
    0.026642177253961563,
    0.025569913908839226,
    0.3798975646495819,
    0.35267794132232666,
    0.30596813559532166,
    0.20802728831768036,
    0.31949952244758606,
    0.02867402695119381,
    0.14131493866443634,
    0.17110206186771393,
    0.12267741560935974,
    0.10054752975702286,
    0.09799045324325562,
    1.0344072580337524,
    1.1991426944732666,
    1.307376742362976,
    0.1958581507205963,
    1.0516585111618042,
    0.12478923052549362,
    0.08216816931962967,
    0.13023340702056885,
    0.24799448251724243,
    0.07899782806634903,
    0.18059732019901276,
    0.326844185590744,
    3.019219398498535,
    3.1748831272125244,
    1.2436230182647705,
    482.1935119628906,
    0.36408743262290955,
    0.4769819378852844,
    0.5876824259757996,
    0.36549651622772217,
    0.08506413549184799,
    0.9573215842247009,
    0.08492143452167511,
    0.03722039982676506,
    0.30251649022102356,
    0.02273564785718918,
    13.37802791595459,
    0.09572644531726837,
    0.45316416025161743,
    2.3533432483673096,
    0.34971320629119873,
    0.3084831237792969,
    0.011479262262582779,
    0.024004824459552765,
    0.07397419214248657,
    0.15363527834415436,
    0.2730127274990082,
    1.3859068155288696,
    1.0786693096160889,
    0.2886751890182495,
    0.2886751890182495,
    0.2886751890182495,
    0.2886373996734619,
    0.2886751890182495,
    0.030233023688197136,
    0.07242707908153534,
    0.1511649340391159,
    32.81092834472656,
    19.3902530670166,
    0.09865478426218033,
    0.13793857395648956,
    1.1704075336456299
  ],
  "horizons": [
    1,
    3,
    7
  ],
  "min_confidence": 45,
  "trained_at": "2026-06-26T03:46:37.767859+00:00",
  "regime_thresholds": {
    "bull": 55,
    "chop": 65,
    "bear": 100,
    "high_vol": 70
  },
  "regime_size_mult": {
    "bull": 1.0,
    "chop": 0.7,
    "bear": 0.0,
    "high_vol": 0.5
  }
}