{
  "version": "4.4",
  "n_features": 90,
  "feature_names": [
    "ret1",
    "ret2",
    "ret3",
    "mom5",
    "mom10",
    "mom20",
    "mom60",
    "mom_accel_5",
    "mom_accel_10",
    "mom_accel_20",
    "vol5",
    "vol10",
    "vol20",
    "vol60",
    "vol_ratio_5_20",
    "vol_ratio_10_60",
    "vol_pct_rank",
    "atr14_pct",
    "atr_trend",
    "daily_range_pct",
    "vol_of_vol",
    "rsi7",
    "rsi14",
    "rsi21",
    "rsi14_trend",
    "zscore5",
    "zscore10",
    "zscore20",
    "dist_52w_high",
    "dist_52w_low",
    "drawdown_from_peak",
    "sma20_dist",
    "sma50_dist",
    "sma200_dist",
    "sma20_50_cross",
    "sma50_200_cross",
    "bb_pos20",
    "bb_width20",
    "macd_norm",
    "macd_hist_norm",
    "macd_signal_cross",
    "vol_ratio5",
    "vol_ratio10",
    "vol_ratio20",
    "dollar_vol_ratio5",
    "vol_trend",
    "up_vol_ratio",
    "vp_divergence_10",
    "vp_divergence_20",
    "close_in_range",
    "gap_pct",
    "gap_fill_tendency",
    "inside_day_freq",
    "hl_contraction",
    "streak",
    "day_of_week",
    "month",
    "is_month_end",
    "is_month_start",
    "is_quarter_end",
    "spy_ret1",
    "spy_ret5",
    "spy_ret20",
    "spy_above_50sma",
    "spy_above_200sma",
    "rel_strength_5",
    "rel_strength_20",
    "rel_strength_60",
    "beta_20",
    "beta_60",
    "regime_bull",
    "regime_bear",
    "regime_chop",
    "regime_high_vol",
    "spy_atr_ratio",
    "sector_vs_spy",
    "cs_rsi14_rank",
    "cs_mom20_rank",
    "cs_vol20_rank",
    "cs_dist_52w_high_rank",
    "cs_rel_strength_20_rank",
    "sector_ret5",
    "sector_ret20",
    "stock_vs_sector_5",
    "stock_vs_sector_20",
    "days_to_earnings",
    "days_since_earnings",
    "earnings_in_7d",
    "earnings_in_14d",
    "log_price"
  ],
  "col_medians": [
    0.0002182834141422063,
    0.0005257623270153999,
    0.000890007708221674,
    0.0013934854650869966,
    0.0019849147647619247,
    0.0011981513816863298,
    0.004711509682238102,
    -0.0005401382222771645,
    -0.0008946190355345607,
    -0.0023363514337688684,
    0.01903778687119484,
    0.020678523927927017,
    0.021841488778591156,
    0.023156270384788513,
    0.9025564193725586,
    0.9004710912704468,
    0.511904776096344,
    0.03199240565299988,
    0.001087741693481803,
    0.027974694967269897,
    0.22395585477352142,
    0.5045099258422852,
    0.5013322830200195,
    0.500619649887085,
    0.002097728196531534,
    0.05354485660791397,
    0.06050612032413483,
    0.03998285531997681,
    -0.18442200124263763,
    0.2750075161457062,
    -0.0921582579612732,
    0.0010771211236715317,
    0.0008723351638764143,
    0.0009296134812757373,
    0.0006446772022172809,
    0.002085759537294507,
    0.509995698928833,
    0.1427231729030609,
    0.00013410810788627714,
    0.00025969865964725614,
    -0.000666895299218595,
    0.9492172002792358,
    0.9194204211235046,
    0.8969239592552185,
    0.9487674236297607,
    0.0014472502516582608,
    1.0069501399993896,
    -0.0014555040979757905,
    -0.0013305132742971182,
    0.5060443878173828,
    0.0004047740367241204,
    0.038356587290763855,
    0.10000000149011612,
    0.9085284471511841,
    1.0,
    0.5,
    0.4545454680919647,
    0.0,
    0.0,
    0.0,
    0.0006522684707306325,
    0.003829420078545809,
    0.01579671911895275,
    1.0,
    1.0,
    -0.0018521083984524012,
    -0.006991839036345482,
    -0.018846936523914337,
    1.0336391925811768,
    1.043395757675171,
    1.0,
    0.0,
    0.0,
    0.0,
    0.995209813117981,
    -0.0023819711059331894,
    0.5003896951675415,
    0.5003896951675415,
    0.5003896951675415,
    0.5003896951675415,
    0.5003896951675415,
    0.0031522619538009167,
    0.010210172273218632,
    -0.0013779920991510153,
    -0.003978184424340725,
    90.0,
    -1.0,
    0.0,
    0.0,
    3.8505730628967285
  ],
  "col_stds": [
    0.034275516867637634,
    0.0486932098865509,
    0.0600358210504055,
    0.0771239697933197,
    0.1105922982096672,
    0.1582978367805481,
    0.2781435549259186,
    0.11453160643577576,
    0.1632130742073059,
    0.2267385721206665,
    0.02466483600437641,
    0.024739112704992294,
    0.02628863789141178,
    0.025398630648851395,
    0.3786592483520508,
    0.3516346514225006,
    0.30692529678344727,
    0.03443300351500511,
    0.3161545395851135,
    0.02828552946448326,
    0.14090277254581451,
    0.17095305025577545,
    0.12232471257448196,
    0.10021013766527176,
    0.09769889712333679,
    1.0341993570327759,
    1.1993507146835327,
    1.3075566291809082,
    0.19681113958358765,
    0.9600231647491455,
    0.12532837688922882,
    0.08109481632709503,
    0.1283329427242279,
    0.24445544183254242,
    0.07835590839385986,
    0.17913660407066345,
    0.32688915729522705,
    0.49647441506385803,
    0.2367229014635086,
    0.08042778819799423,
    482.54840087890625,
    0.36419621109962463,
    0.476827472448349,
    0.5868216156959534,
    0.3654599189758301,
    0.08479205518960953,
    0.9268987774848938,
    0.08467452973127365,
    0.03715202584862709,
    0.3033561706542969,
    0.022435573861002922,
    13.356276512145996,
    0.09563212841749191,
    0.45025530457496643,
    2.353219509124756,
    0.3502245247364044,
    0.31124675273895264,
    0.1784694492816925,
    0.1666211038827896,
    0.10856317728757858,
    0.011713048443198204,
    0.024501068517565727,
    0.045512426644563675,
    0.4730100929737091,
    0.44891756772994995,
    0.07232484966516495,
    0.1500682383775711,
    0.2675337791442871,
    1.3530572652816772,
    1.0675241947174072,
    0.4987942576408386,
    0.39318183064460754,
    0.4460996389389038,
    0.16853585839271545,
    0.20592963695526123,
    0.029424842447042465,
    0.28867509961128235,
    0.28867509961128235,
    0.28867509961128235,
    0.28863829374313354,
    0.28867509961128235,
    0.03066333197057247,
    0.05760441720485687,
    0.0708116739988327,
    0.1475539207458496,
    34.23658752441406,
    22.961360931396484,
    0.09524568170309067,
    0.13349461555480957,
    1.1606546640396118
  ],
  "horizons": [
    1,
    3,
    7
  ],
  "min_confidence": 45,
  "trained_at": "2026-05-05T23:31:11.981114+00:00",
  "regime_thresholds": {
    "bull": 55,
    "chop": 65,
    "bear": 100,
    "high_vol": 70
  },
  "regime_size_mult": {
    "bull": 1.0,
    "chop": 0.7,
    "bear": 0.0,
    "high_vol": 0.5
  }
}