{
  "version": "4.4",
  "n_features": 80,
  "feature_names": [
    "ret1",
    "ret2",
    "ret3",
    "mom5",
    "mom10",
    "mom20",
    "mom60",
    "mom_accel_5",
    "mom_accel_10",
    "mom_accel_20",
    "vol5",
    "vol10",
    "vol20",
    "vol60",
    "vol_ratio_5_20",
    "vol_ratio_10_60",
    "vol_pct_rank",
    "atr14_pct",
    "atr_trend",
    "daily_range_pct",
    "vol_of_vol",
    "rsi7",
    "rsi14",
    "rsi21",
    "rsi14_trend",
    "zscore5",
    "zscore10",
    "zscore20",
    "dist_52w_high",
    "dist_52w_low",
    "drawdown_from_peak",
    "sma20_dist",
    "sma50_dist",
    "sma200_dist",
    "sma20_50_cross",
    "sma50_200_cross",
    "bb_pos20",
    "bb_width20",
    "macd_norm",
    "macd_hist_norm",
    "macd_signal_cross",
    "vol_ratio5",
    "vol_ratio10",
    "vol_ratio20",
    "dollar_vol_ratio5",
    "vol_trend",
    "up_vol_ratio",
    "vp_divergence_10",
    "vp_divergence_20",
    "close_in_range",
    "gap_pct",
    "gap_fill_tendency",
    "inside_day_freq",
    "hl_contraction",
    "streak",
    "day_of_week",
    "month",
    "is_month_end",
    "is_month_start",
    "is_quarter_end",
    "spy_ret1",
    "spy_ret5",
    "rel_strength_5",
    "rel_strength_20",
    "rel_strength_60",
    "beta_20",
    "beta_60",
    "cs_rsi14_rank",
    "cs_mom20_rank",
    "cs_vol20_rank",
    "cs_dist_52w_high_rank",
    "cs_rel_strength_20_rank",
    "sector_ret5",
    "stock_vs_sector_5",
    "stock_vs_sector_20",
    "days_to_earnings",
    "days_since_earnings",
    "earnings_in_7d",
    "earnings_in_14d",
    "log_price"
  ],
  "col_medians": [
    0.0001789709203876555,
    0.0004716410185210407,
    0.0008103727595880628,
    0.0012318998342379928,
    0.0018115942366421223,
    0.0015384615398943424,
    0.006151981186121702,
    -0.0006381472339853644,
    -0.0013820277526974678,
    -0.0027046052273362875,
    0.019076723605394363,
    0.020708587020635605,
    0.021838972344994545,
    0.02318738028407097,
    0.9057891368865967,
    0.9014261960983276,
    0.5081300735473633,
    0.03203374892473221,
    0.004196276888251305,
    0.028038080781698227,
    0.22386085987091064,
    0.5040948390960693,
    0.5016640424728394,
    0.5012125372886658,
    0.0015512588433921337,
    0.049288440495729446,
    0.053225770592689514,
    0.03572427108883858,
    -0.18306148052215576,
    0.2793879508972168,
    -0.0914970338344574,
    0.0009636591421440244,
    0.0015121917240321636,
    0.0029621128924191,
    0.0013580081285908818,
    0.003501933766528964,
    0.508931040763855,
    0.14288675785064697,
    0.0003484272165223956,
    0.0002070744230877608,
    0.001142894383519888,
    0.9495301246643066,
    0.9204105734825134,
    0.8994072675704956,
    0.9490272402763367,
    0.0016561164520680904,
    1.0064456462860107,
    -0.0016624769195914268,
    -0.001708602299913764,
    0.5054640769958496,
    0.0004046535468660295,
    0.04344276711344719,
    0.10000000149011612,
    0.9109458923339844,
    1.0,
    0.5,
    0.4545454680919647,
    0.0,
    0.0,
    0.0,
    0.0006927435169927776,
    0.0039754509925842285,
    -0.0019945763051509857,
    -0.007571039721369743,
    -0.019700119271874428,
    1.0332310199737549,
    1.0432322025299072,
    0.5003867149353027,
    0.5003867149353027,
    0.5003870129585266,
    0.5003867149353027,
    0.5003867149353027,
    0.00271749310195446,
    -0.001369677484035492,
    -0.003961783833801746,
    90.0,
    -1.0,
    0.0,
    0.0,
    3.8533339500427246
  ],
  "col_stds": [
    0.03443855419754982,
    0.04901206120848656,
    0.06045997142791748,
    0.07793144881725311,
    0.11290519684553146,
    0.1605871021747589,
    0.2805342972278595,
    0.11550570279359818,
    0.16591252386569977,
    0.22838854789733887,
    0.0248130951076746,
    0.024927325546741486,
    0.02650299109518528,
    0.025546494871377945,
    0.37977173924446106,
    0.3525243401527405,
    0.30574673414230347,
    0.035587117075920105,
    0.3180141746997833,
    0.028553355485200882,
    0.1411670446395874,
    0.17127889394760132,
    0.12272913008928299,
    0.10053625702857971,
    0.09797941893339157,
    1.0342355966567993,
    1.1997369527816772,
    1.3092366456985474,
    0.1963924616575241,
    1.0223625898361206,
    0.12512721121311188,
    0.08198036998510361,
    0.12959544360637665,
    0.24710392951965332,
    0.07859694212675095,
    0.18030519783496857,
    0.32730916142463684,
    0.5060063600540161,
    0.23880982398986816,
    0.07983920723199844,
    482.2098693847656,
    0.3641909956932068,
    0.47754955291748047,
    0.5885127782821655,
    0.3654502034187317,
    0.08508580178022385,
    0.9610790014266968,
    0.08495713770389557,
    0.03718043491244316,
    0.3029820919036865,
    0.02257510833442211,
    13.345913887023926,
    0.09571874886751175,
    0.45331162214279175,
    2.3509998321533203,
    0.35000550746917725,
    0.30926942825317383,
    0.17861859500408173,
    0.1667361557483673,
    0.1045779138803482,
    0.011613531969487667,
    0.02417248673737049,
    0.0733213797211647,
    0.1523580551147461,
    0.27032846212387085,
    1.3679206371307373,
    1.0745956897735596,
    0.2886751592159271,
    0.2886751592159271,
    0.2886751592159271,
    0.288637638092041,
    0.2886751592159271,
    0.030396269634366035,
    0.07181122153997421,
    0.1498500406742096,
    35.73476791381836,
    25.742019653320312,
    0.09537676721811295,
    0.13361069560050964,
    1.1699289083480835
  ],
  "horizons": [
    1,
    3,
    7
  ],
  "min_confidence": 45,
  "trained_at": "2026-06-08T02:22:10.375177+00:00",
  "regime_thresholds": {
    "bull": 55,
    "chop": 65,
    "bear": 100,
    "high_vol": 70
  },
  "regime_size_mult": {
    "bull": 1.0,
    "chop": 0.7,
    "bear": 0.0,
    "high_vol": 0.5
  }
}